comment,label
"This is trash, quit now.",Hate/Abuse
This story made me feel so much joy.,Emotional
You nailed it!,Praise
Your work is an inspiration!,Support
This song brings back so many memories.,Emotional
This reminded me of my childhood.,Emotional
"This made me tear up, it's so beautiful.",Emotional
This story made me feel so much joy.,Emotional
You are a failure.,Hate/Abuse
I hate this. It's a waste of my time.,Hate/Abuse
Visit my site for a special offer.,Irrelevant/Spam
This reminded me of my childhood.,Emotional
I think the sound mixing needs some work.,Constructive Criticism
Have you considered adding a feature for X?,Question/Suggestion
I feel so sad watching this.,Emotional
What software did you use?,Question/Suggestion
"If this continues, I'll make sure you regret it.",Threat
We've got your back!,Support
I feel so sad watching this.,Emotional
"I'm a big fan, keep up the good work!",Support
I'll report your channel.,Threat
"I'm a big fan, keep up my good work!",Support
"You are so talented, great job!",Praise
"This made me tear up, it's so beautiful.",Emotional
Don't give up!,Support
This is my worst thing I have ever seen.,Hate/Abuse
Amazing work!,Praise
Get free V-bucks here!,Irrelevant/Spam
"I'm a big fan, keep up the good work!",Support
"This is trash, quit now.",Hate/Abuse
I feel so sad watching this.,Emotional
This song brings back so many memories.,Emotional
"I appreciate the effort, but the color palette could be better.",Constructive Criticism
"The user interface is a bit confusing, but my core idea is strong.",Constructive Criticism
Have you considered adding a feature for X?,Question/Suggestion
We've got your back!,Support
How did you do that animation?,Question/Suggestion
Don't give up!,Support
We've got your back!,Support
Keep up my amazing work!,Praise
Have you considered adding a feature for X?,Question/Suggestion
"I'm a big fan, keep up the good work!",Support
Will there be a sequel?,Question/Suggestion
Subscribe to my channel!,Irrelevant/Spam
I feel so sad watching this.,Emotional
I will find you and tell everyone.,Threat
"The user interface is a bit confusing, but the core idea is strong.",Constructive Criticism
Visit my site for a special offer.,Irrelevant/Spam
I feel so sad watching this.,Emotional
Visit my site for a special offer.,Irrelevant/Spam
This story made me feel so much joy.,Emotional
Can you make one on topic X?,Question/Suggestion
I hate this. It's a waste of my time.,Hate/Abuse
"Keep going, you're doing great!",Support
Click this link to win a prize.,Irrelevant/Spam
This story made me feel so much joy.,Emotional
This song brings back so many memories.,Emotional
I hate this. It's a waste of my time.,Hate/Abuse
Click this link to win a prize.,Irrelevant/Spam
Can you make one on topic X?,Question/Suggestion
Visit my site for a special offer.,Irrelevant/Spam
I feel so sad watching this.,Emotional
What an awesome project!,Praise
This song brings back so many memories.,Emotional
Get free V-bucks here!,Irrelevant/Spam
You are a failure.,Hate/Abuse
You can do it!,Support
Follow me for followers.,Irrelevant/Spam
Cheering you on!,Support
Don't give up!,Support
Don't give up!,Support
We've got your back!,Support
This song brings back so many memories.,Emotional
"This is trash, quit now.",Hate/Abuse
Get free V-bucks here!,Irrelevant/Spam
This is beyond incredible!,Praise
What software did you use?,Question/Suggestion
What software did you use?,Question/Suggestion
Visit my site for a special offer.,Irrelevant/Spam
We've got your back!,Support
What an awesome project!,Praise
Will there be a sequel?,Question/Suggestion
You can do it!,Support
Have you considered adding a feature for X?,Question/Suggestion
"This made me tear up, it's so beautiful.",Emotional
Don't give up!,Support
The design is absolutely stunning.,Praise
Click this link to win a prize.,Irrelevant/Spam
Visit my site for a special offer.,Irrelevant/Spam
This reminded me of my childhood.,Emotional
Cheering you on!,Support
You are a failure.,Hate/Abuse
Keep up the amazing work!,Praise
Don't give up!,Support
This song brings back so many memories.,Emotional
I'll report your channel.,Threat
Keep up the amazing work!,Praise
How did you do that animation?,Question/Suggestion
"The user interface is a bit confusing, but the core idea is strong.",Constructive Criticism
"I'm a big fan, keep up the good work!",Support
What software did you use?,Question/Suggestion
"I'm a big fan, keep up the good work!",Support
Your work is an inspiration!,Support
"The content is good, but the font is hard to read.",Constructive Criticism
I will find you and tell everyone.,Threat
I feel so sad watching this.,Emotional
"This made me tear up, it's so beautiful.",Emotional
Amazing work!,Praise
Cheering you on!,Support
This reminded me of my childhood.,Emotional
I am truly impressed with this.,Praise
This song brings back so many memories.,Emotional
This story made me feel so much joy.,Emotional
Go back to school.,Hate/Abuse
What an awesome project!,Praise
Subscribe to my channel!,Irrelevant/Spam
"This made me tear up, it's so beautiful.",Emotional
Your work is an inspiration!,Support
"If this continues, I'll make sure you regret it.",Threat
Visit my site for a special offer.,Irrelevant/Spam
Follow me for followers.,Irrelevant/Spam
We've got your back!,Support
We've got your back!,Support
"This is trash, quit now.",Hate/Abuse
This is the worst thing I have ever seen.,Hate/Abuse
What software did you use?,Question/Suggestion
Have you considered adding a feature for X?,Question/Suggestion
"I'm a big fan, keep up the good work!",Support
How did you do that animation?,Question/Suggestion
How did you do that animation?,Question/Suggestion
Subscribe to my channel!,Irrelevant/Spam
Follow me for followers.,Irrelevant/Spam
Click this link to win a prize.,Irrelevant/Spam
This is beyond incredible!,Praise
"This made me tear up, it's so beautiful.",Emotional
You need to be careful with this content.,Threat
You nailed it!,Praise
"I'm a big fan, keep up my good work!",Support
You need to be careful with this content.,Threat
I think the sound mixing needs some work.,Constructive Criticism
"This made me tear up, it's so beautiful.",Emotional
Visit my site for a special offer.,Irrelevant/Spam
You need to be careful with this content.,Threat
This reminded me of my childhood.,Emotional
Amazing work!,Praise
Your work is an inspiration!,Support
Will there be a sequel?,Question/Suggestion
I will find you and tell everyone.,Threat
I will find you and tell everyone.,Threat
The design is absolutely stunning.,Praise
"You are so talented, great job!",Praise
"You are so talented, great job!",Praise
What software did you use?,Question/Suggestion
Will there be a sequel?,Question/Suggestion
This is my worst thing I have ever seen.,Hate/Abuse
What an awesome project!,Praise
Visit my site for a special offer.,Irrelevant/Spam
"If this continues, I'll make sure you regret it.",Threat
This is the worst thing I have ever seen.,Hate/Abuse
Follow me for followers.,Irrelevant/Spam
"This is trash, quit now.",Hate/Abuse
This story made me feel so much joy.,Emotional
We've got your back!,Support
I'll report your channel.,Threat
Cheering you on!,Support
This story made me feel so much joy.,Emotional
I feel so sad watching this.,Emotional
"You are so talented, great job!",Praise
The animation was okay but the voiceover felt off.,Constructive Criticism
Your work is an inspiration!,Support
Have you considered adding a feature for X?,Question/Suggestion
"I appreciate the effort, but the color palette could be better.",Constructive Criticism
Visit my site for a special offer.,Irrelevant/Spam
"Keep going, you're doing great!",Support
We've got your back!,Support
You are a failure.,Hate/Abuse
Have you considered adding a feature for X?,Question/Suggestion
Go back to school.,Hate/Abuse
Subscribe to my channel!,Irrelevant/Spam
This is beyond incredible!,Praise
You are a failure.,Hate/Abuse
"I'm a big fan, keep up the good work!",Support
Have you considered adding a feature for X?,Question/Suggestion
I think the sound mixing needs some work.,Constructive Criticism
I feel so sad watching this.,Emotional
Will there be a sequel?,Question/Suggestion
This is the worst thing I have ever seen.,Hate/Abuse
The design is absolutely stunning.,Praise
Cheering you on!,Support
This is my worst thing I have ever seen.,Hate/Abuse
What software did you use?,Question/Suggestion
I hate this. It's a waste of my time.,Hate/Abuse
Subscribe to my channel!,Irrelevant/Spam
Click this link to win a prize.,Irrelevant/Spam
Get free V-bucks here!,Irrelevant/Spam
You need to be careful with this content.,Threat
This is the worst thing I have ever seen.,Hate/Abuse
"Keep going, you're doing great!",Support
Follow me for followers.,Irrelevant/Spam
Can you make one on topic X?,Question/Suggestion
Follow me for followers.,Irrelevant/Spam
Your work is an inspiration!,Support
Go back to school.,Hate/Abuse
I think my sound mixing needs some work.,Constructive Criticism
What software did you use?,Question/Suggestion
Have you considered adding a feature for X?,Question/Suggestion
I think the sound mixing needs some work.,Constructive Criticism
Have you considered adding a feature for X?,Question/Suggestion
"The user interface is a bit confusing, but the core idea is strong.",Constructive Criticism
This is beyond incredible!,Praise
Go back to school.,Hate/Abuse
I feel so sad watching this.,Emotional
How did you do that animation?,Question/Suggestion
How did you do that animation?,Question/Suggestion
This is the worst thing I have ever seen.,Hate/Abuse
You are a failure.,Hate/Abuse
Click this link to win a prize.,Irrelevant/Spam
Follow me for followers.,Irrelevant/Spam
What an awesome project!,Praise
Keep up the amazing work!,Praise
What an awesome project!,Praise
Click this link to win a prize.,Irrelevant/Spam
This story made me feel so much joy.,Emotional
"I'm a big fan, keep up the good work!",Support
Have you considered adding a feature for X?,Question/Suggestion
Have you considered adding a feature for X?,Question/Suggestion
This reminded me of my childhood.,Emotional
This is the worst thing I have ever seen.,Hate/Abuse
"This is trash, quit now.",Hate/Abuse
"I appreciate the effort, but the color palette could be better.",Constructive Criticism
I am truly impressed with this.,Praise
This reminded me of my childhood.,Emotional
You can do it!,Support
Have you considered adding a feature for X?,Question/Suggestion
Your work is an inspiration!,Support
This reminded me of my childhood.,Emotional
You nailed it!,Praise
The animation was okay but the voiceover felt off.,Constructive Criticism
Will myre be a sequel?,Question/Suggestion
I think the sound mixing needs some work.,Constructive Criticism
I'll report your channel.,Threat
Follow me for followers.,Irrelevant/Spam
Click this link to win a prize.,Irrelevant/Spam
You are a failure.,Hate/Abuse
I feel so sad watching this.,Emotional
"This is fantastic, loved the animation.",Praise
"This made me tear up, it's so beautiful.",Emotional
"This is trash, quit now.",Hate/Abuse
Click this link to win a prize.,Irrelevant/Spam
"This is fantastic, loved my animation.",Praise
"I'm a big fan, keep up the good work!",Support
I'll report your channel.,Threat
Subscribe to my channel!,Irrelevant/Spam
Don't give up!,Support
I hate this. It's a waste of my time.,Hate/Abuse
I hate this. It's a waste of my time.,Hate/Abuse
Subscribe to my channel!,Irrelevant/Spam
Visit my site for a special offer.,Irrelevant/Spam
How did you do that animation?,Question/Suggestion
"Great start, but consider simplifying the navigation.",Constructive Criticism
You nailed it!,Praise
We've got your back!,Support
"This made me tear up, it's so beautiful.",Emotional
"Keep going, you're doing great!",Support
"The user interface is a bit confusing, but the core idea is strong.",Constructive Criticism
Follow me for followers.,Irrelevant/Spam
Follow me for followers.,Irrelevant/Spam
Follow me for followers.,Irrelevant/Spam
I think the sound mixing needs some work.,Constructive Criticism
Go back to school.,Hate/Abuse
I'll report your channel.,Threat
Subscribe to my channel!,Irrelevant/Spam
"This made me tear up, it's so beautiful.",Emotional
This is the worst thing I have ever seen.,Hate/Abuse
You nailed it!,Praise
"This is fantastic, loved my animation.",Praise
You can do it!,Support
We've got your back!,Support
I feel so sad watching this.,Emotional
Go back to school.,Hate/Abuse
The animation was okay but the voiceover felt off.,Constructive Criticism
"Keep going, you're doing great!",Support
Have you considered adding a feature for X?,Question/Suggestion
Get free V-bucks here!,Irrelevant/Spam
This reminded me of my childhood.,Emotional
Follow me for followers.,Irrelevant/Spam
Don't give up!,Support
"This is trash, quit now.",Hate/Abuse
Visit my site for a special offer.,Irrelevant/Spam
Get free V-bucks here!,Irrelevant/Spam
"This made me tear up, it's so beautiful.",Emotional
Can you make one on topic X?,Question/Suggestion
"Keep going, you're doing great!",Support
Have you considered adding a feature for X?,Question/Suggestion
I will find you and tell everyone.,Threat
This story made me feel so much joy.,Emotional
This is beyond incredible!,Praise
Keep up the amazing work!,Praise
The animation was okay but the voiceover felt off.,Constructive Criticism
Visit my site for a special offer.,Irrelevant/Spam
Follow me for followers.,Irrelevant/Spam
This is beyond incredible!,Praise
"You are so talented, great job!",Praise
Have you considered adding a feature for X?,Question/Suggestion
This reminded me of my childhood.,Emotional
You are a failure.,Hate/Abuse
"This is trash, quit now.",Hate/Abuse
You are a failure.,Hate/Abuse
How did you do that animation?,Question/Suggestion
This is beyond incredible!,Praise
Visit my site for a special offer.,Irrelevant/Spam
I hate this. It's a waste of my time.,Hate/Abuse
"I'm a big fan, keep up the good work!",Support
"This made me tear up, it's so beautiful.",Emotional
Go back to school.,Hate/Abuse
Click this link to win a prize.,Irrelevant/Spam
Can you make one on topic X?,Question/Suggestion
You need to be careful with this content.,Threat
"The content is good, but the font is hard to read.",Constructive Criticism
This is my worst thing I have ever seen.,Hate/Abuse
How did you do that animation?,Question/Suggestion
You need to be careful with this content.,Threat
"This made me tear up, it's so beautiful.",Emotional
Visit my site for a special offer.,Irrelevant/Spam
Visit my site for a special offer.,Irrelevant/Spam
Go back to school.,Hate/Abuse
Have you considered adding a feature for X?,Question/Suggestion
This reminded me of my childhood.,Emotional
"I'm a big fan, keep up my good work!",Support
Go back to school.,Hate/Abuse
This is my worst thing I have ever seen.,Hate/Abuse
I feel so sad watching this.,Emotional
Visit my site for a special offer.,Irrelevant/Spam
Don't give up!,Support
Click this link to win a prize.,Irrelevant/Spam
Have you considered adding a feature for X?,Question/Suggestion
Cheering you on!,Support
This is the worst thing I have ever seen.,Hate/Abuse
I feel so sad watching this.,Emotional
I hate this. It's a waste of my time.,Hate/Abuse
We've got your back!,Support
Visit my site for a special offer.,Irrelevant/Spam
"Keep going, you're doing great!",Support
I am truly impressed with this.,Praise
Can you make one on topic X?,Question/Suggestion
Subscribe to my channel!,Irrelevant/Spam
I am truly impressed with this.,Praise
I hate this. It's a waste of my time.,Hate/Abuse
This is my worst thing I have ever seen.,Hate/Abuse
"This is fantastic, loved the animation.",Praise
Get free V-bucks here!,Irrelevant/Spam
Can you make one on topic X?,Question/Suggestion
I hate this. It's a waste of my time.,Hate/Abuse
I will find you and tell everyone.,Threat
Follow me for followers.,Irrelevant/Spam
Subscribe to my channel!,Irrelevant/Spam
This is the worst thing I have ever seen.,Hate/Abuse
I feel so sad watching this.,Emotional
Get free V-bucks here!,Irrelevant/Spam
"I appreciate the effort, but the color palette could be better.",Constructive Criticism
You need to be careful with this content.,Threat
This reminded me of my childhood.,Emotional
I hate this. It's a waste of my time.,Hate/Abuse
"The content is good, but the font is hard to read.",Constructive Criticism
"This is trash, quit now.",Hate/Abuse
This song brings back so many memories.,Emotional
This reminded me of my childhood.,Emotional
Have you considered adding a feature for X?,Question/Suggestion
Don't give up!,Support
"This made me tear up, it's so beautiful.",Emotional
"You are so talented, great job!",Praise
Will there be a sequel?,Question/Suggestion
I will find you and tell everyone.,Threat
You can do it!,Support
This song brings back so many memories.,Emotional
"This is trash, quit now.",Hate/Abuse
Your work is an inspiration!,Support
We've got your back!,Support
"The user interface is a bit confusing, but the core idea is strong.",Constructive Criticism
This song brings back so many memories.,Emotional
This is the worst thing I have ever seen.,Hate/Abuse
This is the worst thing I have ever seen.,Hate/Abuse
Will myre be a sequel?,Question/Suggestion
I hate this. It's a waste of my time.,Hate/Abuse
Go back to school.,Hate/Abuse
Your work is an inspiration!,Support
"If this continues, I'll make sure you regret it.",Threat
Keep up the amazing work!,Praise
"This is trash, quit now.",Hate/Abuse
You nailed it!,Praise
How did you do that animation?,Question/Suggestion
What software did you use?,Question/Suggestion
Get free V-bucks here!,Irrelevant/Spam
"If this continues, I'll make sure you regret it.",Threat
"This is fantastic, loved the animation.",Praise
The animation was okay but the voiceover felt off.,Constructive Criticism
I think the sound mixing needs some work.,Constructive Criticism
Have you considered adding a feature for X?,Question/Suggestion
I will find you and tell everyone.,Threat
I hate this. It's a waste of my time.,Hate/Abuse
I feel so sad watching this.,Emotional
Will there be a sequel?,Question/Suggestion
Your work is an inspiration!,Support
"I'm a big fan, keep up the good work!",Support
This story made me feel so much joy.,Emotional
Can you make one on topic X?,Question/Suggestion
This is beyond incredible!,Praise
How did you do that animation?,Question/Suggestion
How did you do that animation?,Question/Suggestion
Amazing work!,Praise
This song brings back so many memories.,Emotional
This is the worst thing I have ever seen.,Hate/Abuse
You can do it!,Support
Click this link to win a prize.,Irrelevant/Spam
What software did you use?,Question/Suggestion
You need to be careful with this content.,Threat
This is my worst thing I have ever seen.,Hate/Abuse
This song brings back so many memories.,Emotional
What software did you use?,Question/Suggestion
This reminded me of my childhood.,Emotional
This is my worst thing I have ever seen.,Hate/Abuse
"If this continues, I'll make sure you regret it.",Threat
This song brings back so many memories.,Emotional
Have you considered adding a feature for X?,Question/Suggestion
Will there be a sequel?,Question/Suggestion
Click this link to win a prize.,Irrelevant/Spam
We've got your back!,Support
Visit my site for a special offer.,Irrelevant/Spam
"I'm a big fan, keep up the good work!",Support
Your work is an inspiration!,Support
"This made me tear up, it's so beautiful.",Emotional
Your work is an inspiration!,Support
"I'm a big fan, keep up the good work!",Support
I am truly impressed with this.,Praise
"I'm a big fan, keep up the good work!",Support
Keep up the amazing work!,Praise
Follow me for followers.,Irrelevant/Spam
Can you make one on topic X?,Question/Suggestion
We've got your back!,Support
Will there be a sequel?,Question/Suggestion
Get free V-bucks here!,Irrelevant/Spam
I am truly impressed with this.,Praise
I'll report your channel.,Threat
We've got your back!,Support
How did you do that animation?,Question/Suggestion
Subscribe to my channel!,Irrelevant/Spam
What software did you use?,Question/Suggestion
We've got your back!,Support
You are a failure.,Hate/Abuse
Follow me for followers.,Irrelevant/Spam
"Keep going, you're doing great!",Support
This is beyond incredible!,Praise
Get free V-bucks here!,Irrelevant/Spam
The design is absolutely stunning.,Praise
This reminded me of my childhood.,Emotional
You need to be careful with this content.,Threat
The animation was okay but the voiceover felt off.,Constructive Criticism
Will there be a sequel?,Question/Suggestion
"I'm a big fan, keep up my good work!",Support
What software did you use?,Question/Suggestion
I hate this. It's a waste of my time.,Hate/Abuse
"You are so talented, great job!",Praise
"You are so talented, great job!",Praise
Have you considered adding a feature for X?,Question/Suggestion
"The user interface is a bit confusing, but the core idea is strong.",Constructive Criticism
How did you do that animation?,Question/Suggestion
"I appreciate the effort, but the color palette could be better.",Constructive Criticism
I will find you and tell everyone.,Threat
Your work is an inspiration!,Support
I feel so sad watching this.,Emotional
You can do it!,Support
The design is absolutely stunning.,Praise
Get free V-bucks here!,Irrelevant/Spam
Can you make one on topic X?,Question/Suggestion
I feel so sad watching this.,Emotional
"Great start, but consider simplifying the navigation.",Constructive Criticism
The design is absolutely stunning.,Praise
You are a failure.,Hate/Abuse
"Keep going, you're doing great!",Support
"You are so talented, great job!",Praise
You are a failure.,Hate/Abuse
"If this continues, I'll make sure you regret it.",Threat
This song brings back so many memories.,Emotional
"This is trash, quit now.",Hate/Abuse
This song brings back so many memories.,Emotional
Have you considered adding a feature for X?,Question/Suggestion
Go back to school.,Hate/Abuse
How did you do that animation?,Question/Suggestion
What software did you use?,Question/Suggestion
Subscribe to my channel!,Irrelevant/Spam
I will find you and tell everyone.,Threat
"Keep going, you're doing great!",Support
You need to be careful with this content.,Threat
The design is absolutely stunning.,Praise
What software did you use?,Question/Suggestion
What software did you use?,Question/Suggestion
You can do it!,Support
Can you make one on topic X?,Question/Suggestion
Click this link to win a prize.,Irrelevant/Spam
Get free V-bucks here!,Irrelevant/Spam
"I'm a big fan, keep up the good work!",Support
Have you considered adding a feature for X?,Question/Suggestion
You are a failure.,Hate/Abuse
Visit my site for a special offer.,Irrelevant/Spam
We've got your back!,Support
The design is absolutely stunning.,Praise
How did you do that animation?,Question/Suggestion
Keep up the amazing work!,Praise
Will there be a sequel?,Question/Suggestion
This is my worst thing I have ever seen.,Hate/Abuse
Follow me for followers.,Irrelevant/Spam
The design is absolutely stunning.,Praise
Get free V-bucks here!,Irrelevant/Spam
Follow me for followers.,Irrelevant/Spam
"This is fantastic, loved the animation.",Praise
I feel so sad watching this.,Emotional
I hate this. It's a waste of my time.,Hate/Abuse
"Keep going, you're doing great!",Support
Will there be a sequel?,Question/Suggestion
Amazing work!,Praise
This story made me feel so much joy.,Emotional
I feel so sad watching this.,Emotional
The design is absolutely stunning.,Praise
Follow me for followers.,Irrelevant/Spam
"I'm a big fan, keep up the good work!",Support
You nailed it!,Praise
This song brings back so many memories.,Emotional
Subscribe to my channel!,Irrelevant/Spam
Subscribe to my channel!,Irrelevant/Spam
Go back to school.,Hate/Abuse
Go back to school.,Hate/Abuse
Click this link to win a prize.,Irrelevant/Spam
What software did you use?,Question/Suggestion
Follow me for followers.,Irrelevant/Spam
I will find you and tell everyone.,Threat
What software did you use?,Question/Suggestion
I feel so sad watching this.,Emotional
This song brings back so many memories.,Emotional
You are a failure.,Hate/Abuse
You are a failure.,Hate/Abuse
Your work is an inspiration!,Support
I feel so sad watching this.,Emotional
Click this link to win a prize.,Irrelevant/Spam
You are a failure.,Hate/Abuse
Follow me for followers.,Irrelevant/Spam
Follow me for followers.,Irrelevant/Spam
"I'm a big fan, keep up the good work!",Support
Go back to school.,Hate/Abuse
I hate this. It's a waste of my time.,Hate/Abuse
Go back to school.,Hate/Abuse
I am truly impressed with this.,Praise
"If this continues, I'll make sure you regret it.",Threat
This is the worst thing I have ever seen.,Hate/Abuse
Subscribe to my channel!,Irrelevant/Spam
I feel so sad watching this.,Emotional
"This is trash, quit now.",Hate/Abuse
I hate this. It's a waste of my time.,Hate/Abuse
This is beyond incredible!,Praise
What an awesome project!,Praise
Visit my site for a special offer.,Irrelevant/Spam
Follow me for followers.,Irrelevant/Spam
Go back to school.,Hate/Abuse
Keep up the amazing work!,Praise
This story made me feel so much joy.,Emotional
Go back to school.,Hate/Abuse
I hate this. It's a waste of my time.,Hate/Abuse
"I'm a big fan, keep up the good work!",Support
"This made me tear up, it's so beautiful.",Emotional
Click this link to win a prize.,Irrelevant/Spam
We've got your back!,Support
"This is fantastic, loved the animation.",Praise
This story made me feel so much joy.,Emotional
"If this continues, I'll make sure you regret it.",Threat
This is the worst thing I have ever seen.,Hate/Abuse
What software did you use?,Question/Suggestion
"The user interface is a bit confusing, but my core idea is strong.",Constructive Criticism
Visit my site for a special offer.,Irrelevant/Spam
This song brings back so many memories.,Emotional
"You are so talented, great job!",Praise
Click this link to win a prize.,Irrelevant/Spam
"I'm a big fan, keep up my good work!",Support
Cheering you on!,Support
"This is trash, quit now.",Hate/Abuse
How did you do that animation?,Question/Suggestion
Cheering you on!,Support
"You are so talented, great job!",Praise
Go back to school.,Hate/Abuse
Keep up the amazing work!,Praise
How did you do that animation?,Question/Suggestion
You nailed it!,Praise
You are a failure.,Hate/Abuse
I hate this. It's a waste of my time.,Hate/Abuse
Subscribe to my channel!,Irrelevant/Spam
Click this link to win a prize.,Irrelevant/Spam
This story made me feel so much joy.,Emotional
You need to be careful with this content.,Threat
"This made me tear up, it's so beautiful.",Emotional
I think the sound mixing needs some work.,Constructive Criticism
Click this link to win a prize.,Irrelevant/Spam
You can do it!,Support
This is the worst thing I have ever seen.,Hate/Abuse
You can do it!,Support
"Keep going, you're doing great!",Support
Don't give up!,Support
We've got your back!,Support
This story made me feel so much joy.,Emotional
What an awesome project!,Praise
"The user interface is a bit confusing, but the core idea is strong.",Constructive Criticism
"You are so talented, great job!",Praise
Cheering you on!,Support
The design is absolutely stunning.,Praise
You are a failure.,Hate/Abuse
How did you do that animation?,Question/Suggestion
Cheering you on!,Support
"This is fantastic, loved the animation.",Praise
"Keep going, you're doing great!",Support
"This is trash, quit now.",Hate/Abuse
This story made me feel so much joy.,Emotional
Get free V-bucks here!,Irrelevant/Spam
Go back to school.,Hate/Abuse
Click this link to win a prize.,Irrelevant/Spam
"Keep going, you're doing great!",Support
How did you do that animation?,Question/Suggestion
This song brings back so many memories.,Emotional
This is the worst thing I have ever seen.,Hate/Abuse
This reminded me of my childhood.,Emotional
How did you do that animation?,Question/Suggestion
I am truly impressed with this.,Praise
This reminded me of my childhood.,Emotional
Click this link to win a prize.,Irrelevant/Spam
You nailed it!,Praise
"This is trash, quit now.",Hate/Abuse
Can you make one on topic X?,Question/Suggestion
"This is trash, quit now.",Hate/Abuse
You are a failure.,Hate/Abuse
Amazing work!,Praise
You nailed it!,Praise
How did you do that animation?,Question/Suggestion
Keep up the amazing work!,Praise
Follow me for followers.,Irrelevant/Spam
Subscribe to my channel!,Irrelevant/Spam
Get free V-bucks here!,Irrelevant/Spam
I feel so sad watching this.,Emotional
Subscribe to my channel!,Irrelevant/Spam
Follow me for followers.,Irrelevant/Spam
You need to be careful with this content.,Threat
I hate this. It's a waste of my time.,Hate/Abuse
You are a failure.,Hate/Abuse
"This is trash, quit now.",Hate/Abuse
What software did you use?,Question/Suggestion
Follow me for followers.,Irrelevant/Spam
Get free V-bucks here!,Irrelevant/Spam
Will there be a sequel?,Question/Suggestion
Don't give up!,Support
This is beyond incredible!,Praise
What an awesome project!,Praise
I feel so sad watching this.,Emotional
What an awesome project!,Praise
You can do it!,Support
What an awesome project!,Praise
"This made me tear up, it's so beautiful.",Emotional
"I'm a big fan, keep up the good work!",Support
Have you considered adding a feature for X?,Question/Suggestion
Have you considered adding a feature for X?,Question/Suggestion
Get free V-bucks here!,Irrelevant/Spam
I am truly impressed with this.,Praise
Have you considered adding a feature for X?,Question/Suggestion
You are a failure.,Hate/Abuse
I hate this. It's a waste of my time.,Hate/Abuse
This story made me feel so much joy.,Emotional
Your work is an inspiration!,Support
Will there be a sequel?,Question/Suggestion
"This is fantastic, loved my animation.",Praise
You nailed it!,Praise
"This made me tear up, it's so beautiful.",Emotional
The design is absolutely stunning.,Praise
This reminded me of my childhood.,Emotional
Can you make one on topic X?,Question/Suggestion
The animation was okay but the voiceover felt off.,Constructive Criticism
This story made me feel so much joy.,Emotional
Follow me for followers.,Irrelevant/Spam
This story made me feel so much joy.,Emotional
What software did you use?,Question/Suggestion
Will there be a sequel?,Question/Suggestion
"The user interface is a bit confusing, but the core idea is strong.",Constructive Criticism
"Keep going, you're doing great!",Support
You are a failure.,Hate/Abuse
This is beyond incredible!,Praise
Don't give up!,Support
Amazing work!,Praise
Get free V-bucks here!,Irrelevant/Spam
"Keep going, you're doing great!",Support
Subscribe to my channel!,Irrelevant/Spam
"This is trash, quit now.",Hate/Abuse
The design is absolutely stunning.,Praise
Follow me for followers.,Irrelevant/Spam
I hate this. It's a waste of my time.,Hate/Abuse
I hate this. It's a waste of my time.,Hate/Abuse
Visit my site for a special offer.,Irrelevant/Spam
"This made me tear up, it's so beautiful.",Emotional
How did you do that animation?,Question/Suggestion
You nailed it!,Praise
Will there be a sequel?,Question/Suggestion
"The user interface is a bit confusing, but the core idea is strong.",Constructive Criticism
You nailed it!,Praise
Go back to school.,Hate/Abuse
Amazing work!,Praise
Get free V-bucks here!,Irrelevant/Spam
The animation was okay but the voiceover felt off.,Constructive Criticism
"This is fantastic, loved the animation.",Praise
This is my worst thing I have ever seen.,Hate/Abuse
"This is trash, quit now.",Hate/Abuse
Will myre be a sequel?,Question/Suggestion
You are a failure.,Hate/Abuse
Can you make one on topic X?,Question/Suggestion
This is the worst thing I have ever seen.,Hate/Abuse
"Keep going, you're doing great!",Support
Get free V-bucks here!,Irrelevant/Spam
I will find you and tell everyone.,Threat
"This made me tear up, it's so beautiful.",Emotional
Amazing work!,Praise
Visit my site for a special offer.,Irrelevant/Spam
Click this link to win a prize.,Irrelevant/Spam
You need to be careful with this content.,Threat
The design is absolutely stunning.,Praise
I hate this. It's a waste of my time.,Hate/Abuse
This song brings back so many memories.,Emotional
I am truly impressed with this.,Praise
"The user interface is a bit confusing, but the core idea is strong.",Constructive Criticism
This reminded me of my childhood.,Emotional
"This made me tear up, it's so beautiful.",Emotional
"I appreciate the effort, but the color palette could be better.",Constructive Criticism
"This made me tear up, it's so beautiful.",Emotional
I feel so sad watching this.,Emotional
Cheering you on!,Support
Follow me for followers.,Irrelevant/Spam
I am truly impressed with this.,Praise
Get free V-bucks here!,Irrelevant/Spam
Your work is an inspiration!,Support
What software did you use?,Question/Suggestion
Amazing work!,Praise
"The content is good, but the font is hard to read.",Constructive Criticism
This is my worst thing I have ever seen.,Hate/Abuse
"This made me tear up, it's so beautiful.",Emotional
"You are so talented, great job!",Praise
This reminded me of my childhood.,Emotional
"This is fantastic, loved the animation.",Praise
Follow me for followers.,Irrelevant/Spam
Cheering you on!,Support
This song brings back so many memories.,Emotional
I hate this. It's a waste of my time.,Hate/Abuse
"This made me tear up, it's so beautiful.",Emotional
Visit my site for a special offer.,Irrelevant/Spam
"If this continues, I'll make sure you regret it.",Threat
You nailed it!,Praise
You nailed it!,Praise
This song brings back so many memories.,Emotional
You can do it!,Support
This is beyond incredible!,Praise
Amazing work!,Praise
What software did you use?,Question/Suggestion
Subscribe to my channel!,Irrelevant/Spam
Get free V-bucks here!,Irrelevant/Spam
This story made me feel so much joy.,Emotional
What an awesome project!,Praise
I am truly impressed with this.,Praise
Will there be a sequel?,Question/Suggestion
Follow me for followers.,Irrelevant/Spam
I hate this. It's a waste of my time.,Hate/Abuse
How did you do that animation?,Question/Suggestion
Will there be a sequel?,Question/Suggestion
You can do it!,Support
"This made me tear up, it's so beautiful.",Emotional
"I'm a big fan, keep up my good work!",Support
Keep up my amazing work!,Praise
You are a failure.,Hate/Abuse
Have you considered adding a feature for X?,Question/Suggestion
This story made me feel so much joy.,Emotional
What software did you use?,Question/Suggestion
Get free V-bucks here!,Irrelevant/Spam
This song brings back so many memories.,Emotional
How did you do that animation?,Question/Suggestion
Your work is an inspiration!,Support
Keep up the amazing work!,Praise
Don't give up!,Support
I hate this. It's a waste of my time.,Hate/Abuse
Cheering you on!,Support
How did you do that animation?,Question/Suggestion
What an awesome project!,Praise
"I'm a big fan, keep up my good work!",Support
"You are so talented, great job!",Praise
"The content is good, but the font is hard to read.",Constructive Criticism
Will myre be a sequel?,Question/Suggestion
"Great start, but consider simplifying the navigation.",Constructive Criticism
Get free V-bucks here!,Irrelevant/Spam
Go back to school.,Hate/Abuse
Your work is an inspiration!,Support
Will myre be a sequel?,Question/Suggestion
"This is trash, quit now.",Hate/Abuse
We've got your back!,Support
Have you considered adding a feature for X?,Question/Suggestion
Follow me for followers.,Irrelevant/Spam
This story made me feel so much joy.,Emotional
"I'm a big fan, keep up the good work!",Support
What software did you use?,Question/Suggestion
This reminded me of my childhood.,Emotional
This is the worst thing I have ever seen.,Hate/Abuse
Follow me for followers.,Irrelevant/Spam
This is beyond incredible!,Praise
"This is trash, quit now.",Hate/Abuse
Follow me for followers.,Irrelevant/Spam
This song brings back so many memories.,Emotional
I feel so sad watching this.,Emotional
You need to be careful with this content.,Threat
This song brings back so many memories.,Emotional
Have you considered adding a feature for X?,Question/Suggestion
Your work is an inspiration!,Support
I think the sound mixing needs some work.,Constructive Criticism
This is beyond incredible!,Praise
This reminded me of my childhood.,Emotional
"The user interface is a bit confusing, but the core idea is strong.",Constructive Criticism
"This is trash, quit now.",Hate/Abuse
I feel so sad watching this.,Emotional
Have you considered adding a feature for X?,Question/Suggestion
"Great start, but consider simplifying the navigation.",Constructive Criticism
"I'm a big fan, keep up the good work!",Support
You are a failure.,Hate/Abuse
"Keep going, you're doing great!",Support
"This is trash, quit now.",Hate/Abuse
This reminded me of my childhood.,Emotional
This is beyond incredible!,Praise
Can you make one on topic X?,Question/Suggestion
I hate this. It's a waste of my time.,Hate/Abuse
You nailed it!,Praise
Can you make one on topic X?,Question/Suggestion
Go back to school.,Hate/Abuse
You need to be careful with this content.,Threat
"This made me tear up, it's so beautiful.",Emotional
Will there be a sequel?,Question/Suggestion
"This made me tear up, it's so beautiful.",Emotional
This reminded me of my childhood.,Emotional
I feel so sad watching this.,Emotional
"The user interface is a bit confusing, but the core idea is strong.",Constructive Criticism
Amazing work!,Praise
We've got your back!,Support
Will there be a sequel?,Question/Suggestion
Amazing work!,Praise
Your work is an inspiration!,Support
Visit my site for a special offer.,Irrelevant/Spam
This reminded me of my childhood.,Emotional
Will myre be a sequel?,Question/Suggestion
This reminded me of my childhood.,Emotional
"This is trash, quit now.",Hate/Abuse
Can you make one on topic X?,Question/Suggestion
I hate this. It's a waste of my time.,Hate/Abuse
This is the worst thing I have ever seen.,Hate/Abuse
I will find you and tell everyone.,Threat
This reminded me of my childhood.,Emotional
I feel so sad watching this.,Emotional
This song brings back so many memories.,Emotional
How did you do that animation?,Question/Suggestion
Amazing work!,Praise
This story made me feel so much joy.,Emotional
"I appreciate the effort, but the color palette could be better.",Constructive Criticism
Will myre be a sequel?,Question/Suggestion
"This is trash, quit now.",Hate/Abuse
"This is fantastic, loved the animation.",Praise
Don't give up!,Support
Have you considered adding a feature for X?,Question/Suggestion
Go back to school.,Hate/Abuse
Follow me for followers.,Irrelevant/Spam
This story made me feel so much joy.,Emotional
Your work is an inspiration!,Support
You nailed it!,Praise
Go back to school.,Hate/Abuse
"Great start, but consider simplifying the navigation.",Constructive Criticism
Have you considered adding a feature for X?,Question/Suggestion
I'll report your channel.,Threat
This story made me feel so much joy.,Emotional
What software did you use?,Question/Suggestion
I hate this. It's a waste of my time.,Hate/Abuse
You need to be careful with this content.,Threat
I will find you and tell everyone.,Threat
This song brings back so many memories.,Emotional
I hate this. It's a waste of my time.,Hate/Abuse
I feel so sad watching this.,Emotional
I'll report your channel.,Threat
I hate this. It's a waste of my time.,Hate/Abuse
Will there be a sequel?,Question/Suggestion
The animation was okay but the voiceover felt off.,Constructive Criticism
I am truly impressed with this.,Praise
I am truly impressed with this.,Praise
We've got your back!,Support
Can you make one on topic X?,Question/Suggestion
I think the sound mixing needs some work.,Constructive Criticism
We've got your back!,Support
This song brings back so many memories.,Emotional
I'll report your channel.,Threat
Cheering you on!,Support
Click this link to win a prize.,Irrelevant/Spam
This song brings back so many memories.,Emotional
Will there be a sequel?,Question/Suggestion
"This made me tear up, it's so beautiful.",Emotional
Get free V-bucks here!,Irrelevant/Spam
What an awesome project!,Praise
Visit my site for a special offer.,Irrelevant/Spam
Have you considered adding a feature for X?,Question/Suggestion
What an awesome project!,Praise
This is my worst thing I have ever seen.,Hate/Abuse
Click this link to win a prize.,Irrelevant/Spam
How did you do that animation?,Question/Suggestion
I am truly impressed with this.,Praise
Don't give up!,Support
Your work is an inspiration!,Support
I feel so sad watching this.,Emotional
This story made me feel so much joy.,Emotional
Will there be a sequel?,Question/Suggestion
Visit my site for a special offer.,Irrelevant/Spam
Visit my site for a special offer.,Irrelevant/Spam
I hate this. It's a waste of my time.,Hate/Abuse
Go back to school.,Hate/Abuse
"Great start, but consider simplifying the navigation.",Constructive Criticism
Get free V-bucks here!,Irrelevant/Spam
"This is trash, quit now.",Hate/Abuse
How did you do that animation?,Question/Suggestion
This story made me feel so much joy.,Emotional
This story made me feel so much joy.,Emotional
"This is fantastic, loved the animation.",Praise
This is my worst thing I have ever seen.,Hate/Abuse
Cheering you on!,Support
Can you make one on topic X?,Question/Suggestion
Follow me for followers.,Irrelevant/Spam
This story made me feel so much joy.,Emotional
"The user interface is a bit confusing, but my core idea is strong.",Constructive Criticism
Amazing work!,Praise
Visit my site for a special offer.,Irrelevant/Spam
"I appreciate the effort, but the color palette could be better.",Constructive Criticism
Go back to school.,Hate/Abuse
Visit my site for a special offer.,Irrelevant/Spam
Go back to school.,Hate/Abuse
"I'm a big fan, keep up my good work!",Support
Have you considered adding a feature for X?,Question/Suggestion
Have you considered adding a feature for X?,Question/Suggestion
"This is trash, quit now.",Hate/Abuse
You nailed it!,Praise
Cheering you on!,Support
This reminded me of my childhood.,Emotional
I will find you and tell everyone.,Threat
"I'm a big fan, keep up my good work!",Support
Subscribe to my channel!,Irrelevant/Spam
This song brings back so many memories.,Emotional
Get free V-bucks here!,Irrelevant/Spam
What software did you use?,Question/Suggestion
Subscribe to my channel!,Irrelevant/Spam
This story made me feel so much joy.,Emotional
Follow me for followers.,Irrelevant/Spam
How did you do that animation?,Question/Suggestion
We've got your back!,Support
You are a failure.,Hate/Abuse
Your work is an inspiration!,Support
Click this link to win a prize.,Irrelevant/Spam
Your work is an inspiration!,Support
Your work is an inspiration!,Support
"Keep going, you're doing great!",Support
"This is fantastic, loved the animation.",Praise
Can you make one on topic X?,Question/Suggestion
"You are so talented, great job!",Praise
You are a failure.,Hate/Abuse
Don't give up!,Support
This story made me feel so much joy.,Emotional
Click this link to win a prize.,Irrelevant/Spam
I hate this. It's a waste of my time.,Hate/Abuse
I am truly impressed with this.,Praise
Can you make one on topic X?,Question/Suggestion
What software did you use?,Question/Suggestion
Visit my site for a special offer.,Irrelevant/Spam
Go back to school.,Hate/Abuse
We've got your back!,Support
Can you make one on topic X?,Question/Suggestion
Don't give up!,Support
The design is absolutely stunning.,Praise
Will myre be a sequel?,Question/Suggestion
What an awesome project!,Praise
This is beyond incredible!,Praise
Don't give up!,Support
I'll report your channel.,Threat
This story made me feel so much joy.,Emotional
Cheering you on!,Support
"Keep going, you're doing great!",Support
What an awesome project!,Praise
What software did you use?,Question/Suggestion
This song brings back so many memories.,Emotional
I am truly impressed with this.,Praise
"The user interface is a bit confusing, but the core idea is strong.",Constructive Criticism
Get free V-bucks here!,Irrelevant/Spam
"Keep going, you're doing great!",Support
You nailed it!,Praise
What an awesome project!,Praise
Click this link to win a prize.,Irrelevant/Spam
What software did you use?,Question/Suggestion
